"Time","Min","1pc","2pc","5pc","10pc","25pc","50pc","90pc","Max","Mean","Median","Std"
20181228145021,176.273,180.554,181.975,183.787,186.073,192.688,197.242,205.853,207.991,196.864,197.242,6.985
20181228150021,179.241,181.975,182.892,184.372,186.211,193.038,197.242,205.853,207.991,196.934,197.242,6.814
20181228151021,181.192,182.741,183.491,184.818,186.759,193.154,197.661,205.590,207.991,197.137,197.661,6.570
20181228152021,179.241,183.787,184.516,185.934,187.833,193.154,198.386,205.590,207.991,197.548,198.386,6.322
20181228153021,179.073,184.947,185.655,186.895,188.620,193.616,198.795,205.766,207.991,198.003,198.795,6.100
20181228154021,182.129,185.934,186.623,187.833,189.263,194.185,199.401,206.115,207.991,198.527,199.401,5.964
20181228155021,183.639,186.486,187.434,188.620,189.897,194.411,199.999,206.375,207.991,198.975,199.999,5.874
20181228160021,185.090,187.300,187.966,189.391,190.767,194.859,200.492,206.461,207.991,199.425,200.492,5.714
20181228161021,186.211,187.966,188.620,189.897,191.377,195.522,201.173,206.548,207.991,199.938,201.173,5.560
20181228162021,187.568,188.749,189.353,190.520,191.918,196.175,201.748,206.805,207.991,200.444,201.748,5.445
20181228163021,187.568,189.897,190.520,191.377,192.570,196.712,202.317,206.977,207.991,200.906,202.317,5.260
20181228164021,188.229,191.134,191.618,192.570,193.501,197.031,202.505,207.062,207.991,201.291,202.505,5.011
20181228165021,188.620,192.216,192.688,193.501,194.524,197.242,202.692,207.232,207.991,201.596,202.692,4.725
20181228170021,190.022,192.922,193.501,194.298,195.412,197.870,202.785,207.232,207.991,201.853,202.785,4.435
20181228171021,191.739,193.501,194.185,195.192,196.283,198.693,202.598,207.147,207.991,202.119,202.598,4.085
20181228172021,186.895,194.072,194.859,195.850,196.829,199.301,202.832,207.062,207.991,202.382,202.832,3.824
20181228173021,185.373,192.650,194.859,196.283,197.452,199.801,202.878,207.232,207.991,202.492,202.878,3.794
20181228174021,186.349,190.767,193.386,196.283,197.766,200.098,202.692,207.062,207.991,202.440,202.692,3.742
20181228175021,186.759,191.255,193.501,195.958,197.766,200.296,202.971,206.977,207.991,202.532,202.971,3.674
20181228180021,182.892,191.377,193.558,195.522,197.242,200.296,203.341,207.062,207.991,202.637,203.341,3.853
20181228181021,181.350,183.491,186.244,194.970,197.136,200.197,203.617,207.147,207.991,202.467,203.617,4.605
20181228182021,181.975,182.741,183.342,188.846,196.175,199.602,203.525,207.232,207.991,202.008,203.525,5.540
20181228183021,180.714,183.043,183.491,184.947,194.524,199.401,202.878,207.317,207.991,201.413,202.878,6.128
20181228184021,178.050,182.436,183.046,184.516,189.148,198.489,201.939,207.147,207.991,200.594,201.939,6.494
20181228185021,179.073,182.129,182.835,184.226,186.363,197.661,201.557,206.720,207.991,199.825,201.557,6.819
20181228190021,180.714,181.820,182.589,184.080,186.073,196.605,201.557,206.461,207.991,199.357,201.557,7.053
20181228191021,181.192,182.589,183.193,184.516,185.934,196.390,201.173,206.634,207.991,199.137,201.173,7.122
20181228192020,182.129,183.342,184.226,185.232,186.211,194.859,200.979,206.720,207.991,198.991,200.979,7.131
20181228193020,182.741,184.080,184.947,186.073,186.895,194.185,201.173,206.720,207.991,199.066,201.173,7.047
20181228194020,184.372,185.794,186.211,187.031,187.833,194.185,201.365,206.891,207.991,199.243,201.365,6.842
20181228195020,185.090,187.434,187.833,188.359,189.007,194.185,201.269,206.805,207.991,199.500,201.269,6.488
20181228200020,186.211,188.359,188.878,189.771,190.520,193.845,201.461,206.891,207.991,199.717,201.461,6.115
20181228201020,187.568,189.007,189.639,191.012,191.858,194.298,201.653,206.891,207.991,200.105,201.653,5.729
20181228202020,188.620,189.897,190.520,191.978,193.154,194.970,201.653,206.891,207.991,200.449,201.653,5.366
20181228203020,186.623,190.643,191.255,192.922,194.185,195.958,201.748,206.977,207.991,200.828,201.748,4.995
20181228204020,186.623,191.134,191.739,193.270,194.636,197.136,201.844,207.062,207.991,201.151,201.844,4.707
20181228205020,180.874,191.761,192.453,193.730,195.302,197.973,202.033,206.977,207.991,201.450,202.033,4.515
20181228210020,178.565,185.236,190.279,194.185,195.632,198.693,202.505,206.977,207.991,201.701,202.505,4.712
20181228211020,178.735,184.226,186.073,190.625,195.632,199.326,202.785,207.062,207.991,201.706,202.785,5.208
20181228212020,181.975,184.804,185.794,187.833,193.535,198.897,202.692,207.232,207.991,201.480,202.692,5.689
20181228213020,184.661,186.623,187.166,188.749,190.643,197.057,202.785,207.317,207.991,200.846,202.785,6.006
20181228214020,186.759,188.359,188.749,189.518,190.767,194.636,202.505,207.062,207.991,200.176,202.505,6.124
20181228215020,184.947,188.749,189.391,190.272,191.498,193.958,200.979,207.147,207.991,199.904,200.979,6.156
20181228220020,177.526,187.919,188.878,190.396,191.498,194.072,199.099,207.232,207.991,199.288,199.099,6.157
20181228221020,179.407,184.947,186.759,189.771,191.134,193.845,197.661,206.891,207.991,198.563,197.661,6.063
20181228222020,181.507,185.794,186.759,189.645,191.618,193.730,197.557,206.891,207.991,198.503,197.557,5.910
20181228223020,176.090,185.794,186.895,189.007,191.739,194.411,197.870,206.461,207.991,198.478,197.870,5.707
20181228224020,183.043,185.934,186.623,188.229,190.396,194.636,198.489,206.461,207.991,198.557,198.489,5.834
20181228225020,181.664,186.349,187.085,188.097,190.022,194.298,198.180,206.375,207.991,198.328,198.180,5.868
20181228230020,178.222,186.349,187.031,187.966,189.518,193.730,198.386,206.115,207.991,198.266,198.386,5.993
20181228231020,182.436,185.655,186.486,187.568,189.007,193.501,198.897,206.202,207.991,198.218,198.897,6.134
20181228232020,184.372,186.073,186.486,187.833,189.135,192.570,198.998,206.202,207.991,198.019,198.998,6.171
20181228233020,184.661,185.934,186.486,187.833,189.518,192.805,198.897,205.941,207.991,198.098,198.897,6.093
20181228234020,185.373,186.211,186.759,187.833,189.645,193.501,199.200,205.678,207.991,198.284,199.200,5.994
20181228235020,184.804,186.211,186.623,188.097,189.771,194.072,199.502,205.941,207.991,198.575,199.502,5.991
20181229000020,180.874,186.211,187.031,188.229,189.771,194.411,199.602,206.202,207.991,198.799,199.602,5.983
20181229001020,181.350,186.895,187.300,188.490,189.897,194.524,199.602,206.461,207.991,198.934,199.602,5.948
20181229002020,183.342,186.211,187.300,188.490,190.172,194.524,199.401,206.634,207.991,198.848,199.401,5.959
20181229003020,183.934,186.623,187.568,188.749,190.520,194.636,198.795,206.461,207.991,198.668,198.795,5.699
20181229004020,183.934,187.166,188.097,189.391,191.134,194.859,199.099,206.115,207.991,198.839,199.099,5.428
20181229005020,185.232,187.568,188.749,190.272,191.858,195.412,199.401,206.028,207.991,199.145,199.401,5.196
20181229010020,185.090,187.701,188.620,190.889,192.570,195.741,199.801,206.028,207.991,199.486,199.801,5.062
20181229011020,181.975,186.895,188.210,190.520,192.688,195.850,199.950,206.202,207.991,199.588,199.950,5.153
20181229012020,182.589,186.895,188.097,189.771,191.858,195.958,200.197,206.375,207.991,199.663,200.197,5.326
20181229013020,182.283,186.759,187.434,189.391,191.255,196.175,200.296,206.384,207.991,199.619,200.296,5.498
20181229014020,177.876,187.434,187.833,189.135,191.134,195.958,200.492,206.548,207.991,199.675,200.492,5.578
20181229015020,183.639,187.568,188.229,189.518,191.739,195.850,200.197,206.548,207.991,199.592,200.197,5.430
20181229020020,181.192,187.701,188.490,190.396,192.216,195.850,200.296,206.375,207.991,199.672,200.296,5.286
20181229021020,185.090,187.434,188.490,190.272,192.570,196.175,200.590,206.288,207.991,199.938,200.590,5.190
20181229022020,186.073,188.490,189.263,190.889,193.038,196.818,200.979,206.720,207.991,200.333,200.979,5.049
20181229023020,187.434,189.505,190.147,191.498,193.501,197.136,201.173,206.548,207.991,200.542,201.173,4.801
20181229025021,186.895,191.488,192.216,193.730,195.192,198.077,201.748,206.720,207.991,201.340,201.748,4.309
20181229030021,191.255,192.688,193.270,194.524,195.741,198.795,201.748,206.891,207.991,201.680,201.748,4.099
20181229031021,192.570,193.958,194.524,195.412,196.498,199.301,202.223,207.062,207.991,202.029,202.223,3.824
20181229032021,193.386,195.192,195.632,196.390,197.242,199.701,202.598,207.062,207.991,202.358,202.598,3.493
20181229033021,188.229,195.850,196.498,197.452,198.489,200.590,203.157,207.062,207.991,202.904,203.157,3.171
20181229034021,186.486,195.226,196.605,198.180,199.200,201.173,203.525,207.147,207.991,203.258,203.525,3.111
20181229035021,187.701,194.674,196.712,198.077,199.502,201.653,203.800,207.147,207.991,203.503,203.800,3.049
20181229040021,188.490,193.501,195.192,197.452,199.200,201.844,204.163,207.232,207.991,203.604,204.163,3.232
20181229041021,187.701,194.064,195.192,196.605,198.386,201.461,204.254,207.402,207.991,203.513,204.254,3.488
20181229042021,187.568,192.688,194.072,196.390,197.766,200.688,204.163,207.317,207.991,203.200,204.163,3.724
20181229043021,186.759,189.771,191.012,194.411,197.400,200.197,203.708,207.317,207.991,202.781,203.708,4.224
20181229044020,186.486,189.636,190.396,192.453,195.302,199.502,202.598,207.147,207.991,201.953,202.598,4.563
20181229045020,184.516,189.391,190.520,191.858,193.958,198.591,202.033,207.113,207.991,201.429,202.033,4.754
20181229050020,183.787,189.007,190.396,191.678,193.501,198.077,201.748,206.891,207.991,201.012,201.748,4.869
20181229051020,181.507,189.135,190.316,191.858,193.386,197.242,201.653,206.805,207.991,200.816,201.653,4.955
20181229052020,181.820,188.091,189.771,191.858,193.501,196.818,201.653,206.805,207.991,200.717,201.653,5.068
20181229053020,182.892,189.391,190.185,191.858,193.386,196.925,201.461,206.805,207.991,200.694,201.461,5.002
20181229054020,183.043,189.043,191.255,192.653,193.958,197.031,201.076,206.634,207.991,200.589,201.076,4.798
20181229055020,183.934,188.749,191.498,193.270,194.524,197.347,200.785,206.720,207.991,200.640,200.785,4.581
20181229060020,185.934,189.615,191.923,193.501,194.747,197.766,200.688,206.720,207.991,200.790,200.688,4.426
20181229061020,188.749,191.134,192.688,194.072,195.302,197.973,200.979,206.548,207.991,200.908,200.979,4.138
20181229062020,181.820,189.078,192.805,194.524,195.741,197.973,201.076,206.548,207.991,200.935,201.076,4.119
20181229063020,185.655,190.272,192.285,194.859,196.283,198.283,201.269,206.288,207.991,201.132,201.269,3.929
20181229064020,183.639,190.684,192.805,194.747,196.605,198.897,201.557,206.634,207.991,201.487,201.557,3.902
20181229065020,189.645,192.688,194.072,195.412,197.031,199.502,202.033,206.634,207.991,201.863,202.033,3.607
20181229070020,185.934,193.386,194.970,196.390,197.870,200.394,202.692,206.805,207.991,202.474,202.692,3.412
20181229071020,184.080,194.970,195.850,197.242,198.489,201.173,203.525,206.977,207.991,203.087,203.525,3.210
20181229072020,186.486,192.334,194.185,197.347,198.998,201.653,204.344,207.147,207.991,203.489,204.344,3.387
20181229073020,178.904,190.989,193.616,196.605,198.897,201.939,204.703,207.402,207.991,203.705,204.703,3.784
20181229074020,178.565,186.623,190.396,195.302,197.973,201.844,204.614,207.402,207.991,203.446,204.614,4.289
20181229075020,177.876,183.326,186.486,192.570,196.283,200.882,204.073,207.402,207.991,202.722,204.073,5.058
20181229080020,179.073,183.834,185.181,188.490,193.178,199.502,203.891,207.402,207.991,201.902,203.891,5.898
20181229081020,179.739,183.934,185.455,188.097,190.767,197.557,203.249,207.317,207.991,201.123,203.249,6.304
20181229082020,182.436,184.516,185.514,187.300,190.272,196.283,202.223,207.232,207.991,200.434,202.223,6.379
20181229083020,182.129,185.655,186.211,187.833,190.272,195.302,201.653,207.062,207.991,200.056,201.653,6.313
20181229084020,182.129,186.073,186.623,188.097,190.022,194.636,200.785,206.977,207.991,199.548,200.785,6.279
20181229085020,182.436,186.623,187.300,188.359,190.047,194.298,200.098,206.891,207.991,199.186,200.098,6.155
20181229090020,177.702,186.349,187.300,189.007,190.767,194.185,199.200,206.548,207.991,198.888,199.200,5.915
20181229091020,177.876,184.947,186.486,188.620,190.668,194.411,198.897,206.461,207.991,198.715,198.897,5.925
20181229092020,178.050,184.661,186.073,188.359,190.396,194.298,198.897,206.375,207.991,198.600,198.897,5.950
20181229093020,178.394,184.808,186.073,188.229,190.272,194.185,198.897,206.202,207.991,198.471,198.897,5.887
20181229094020,177.876,184.516,186.073,188.097,190.272,193.730,198.897,205.941,207.991,198.265,198.897,5.883
20181229095020,174.970,183.491,185.232,187.300,189.391,193.616,198.386,205.766,207.991,197.936,198.386,6.079
20181229100020,174.202,179.241,181.820,186.759,189.135,193.270,197.973,205.853,207.991,197.585,197.973,6.478
20181229101020,176.273,179.073,180.230,184.516,188.359,192.805,197.661,205.678,207.991,197.112,197.661,6.733
20181229102020,175.348,179.573,180.554,183.193,187.568,192.216,197.242,205.414,207.991,196.678,197.242,6.809
20181229103020,174.588,179.573,180.874,183.193,186.349,191.858,196.818,205.238,207.991,196.305,196.818,6.951
20181229104020,174.396,179.073,180.554,183.095,185.934,191.255,196.498,205.238,207.991,195.969,196.498,7.127
20181229105020,174.780,178.985,180.230,182.892,185.655,190.643,196.067,205.238,207.991,195.671,196.067,7.256
20181229110020,175.159,179.739,181.034,183.043,185.514,190.147,195.632,205.414,207.991,195.465,195.632,7.233
20181229111020,174.396,180.230,181.192,183.193,185.373,189.518,195.192,205.149,207.991,195.148,195.192,7.173
20181229112020,173.216,180.392,181.192,182.892,185.514,189.263,195.081,204.614,207.991,194.886,195.081,7.103
20181229113020,176.636,179.407,180.714,182.892,185.514,189.135,194.747,204.703,207.991,194.750,194.747,7.131
20181229114020,174.588,179.407,180.554,182.741,185.090,189.135,194.747,204.703,207.991,194.646,194.747,7.201
20181229115020,173.614,178.050,180.230,183.043,184.804,188.878,194.636,204.703,207.991,194.593,194.636,7.310
20181229120020,172.404,177.526,179.241,182.741,184.947,188.878,194.636,204.614,207.991,194.573,194.636,7.408
20181229121020,172.609,176.635,178.735,182.283,185.232,188.878,194.859,204.614,207.991,194.592,194.859,7.492
20181229122020,173.015,175.535,178.222,181.820,185.090,189.007,194.747,204.882,207.991,194.663,194.747,7.614
20181229123020,173.015,175.535,177.350,181.350,184.804,189.135,194.747,204.971,207.991,194.697,194.747,7.732
20181229124020,172.198,175.348,177.002,180.230,184.372,189.263,194.970,205.060,207.991,194.713,194.970,7.885
20181229125020,172.404,175.535,176.995,179.573,183.446,189.135,195.302,205.238,207.991,194.674,195.302,8.093
20181229130020,173.015,175.348,176.816,179.241,182.436,188.749,195.302,205.238,207.991,194.530,195.302,8.277
20181229131020,172.813,175.906,177.173,179.073,182.129,188.359,195.412,205.326,207.991,194.491,195.412,8.423
20181229132020,173.614,176.273,177.350,178.904,181.820,188.097,195.302,205.238,207.991,194.391,195.302,8.498
20181229133020,171.572,176.273,177.350,179.241,181.664,187.701,195.192,205.149,207.991,194.335,195.192,8.565
20181229134020,173.216,176.090,177.173,179.573,181.820,187.434,195.081,205.326,207.991,194.254,195.081,8.636
20181229135020,173.216,175.906,176.635,179.573,181.664,186.895,194.747,205.238,207.991,194.003,194.747,8.656
20181229140020,173.811,176.090,176.816,178.904,181.664,186.759,194.524,205.060,207.991,193.732,194.524,8.614
20181229141020,174.396,176.455,177.173,178.735,181.350,186.759,193.958,204.971,207.991,193.497,193.958,8.571
20181229142020,174.970,177.173,177.702,178.904,181.192,186.623,193.501,204.703,207.991,193.276,193.501,8.473
20181229143020,174.588,177.702,178.222,179.407,181.192,186.349,193.270,204.434,207.991,193.180,193.270,8.405
20181229145021,175.906,178.222,178.904,180.067,181.507,186.073,193.270,204.614,207.991,193.174,193.270,8.325
20181229150021,173.216,178.050,178.735,180.230,181.820,185.934,193.386,204.614,207.991,193.113,193.386,8.260
20181229151021,172.404,177.876,178.735,180.230,181.975,185.934,193.270,204.524,207.991,192.942,193.270,8.191
20181229152021,172.198,177.173,178.253,180.140,181.975,185.794,192.805,204.254,207.991,192.698,192.805,8.142
20181229153021,172.813,177.173,178.222,180.067,181.820,185.794,192.453,203.525,207.991,192.429,192.453,8.018
20181229154021,173.614,176.995,177.876,179.739,181.664,185.655,192.097,203.249,207.991,192.222,192.097,7.985
20181229155021,174.202,177.173,177.876,179.407,181.664,185.514,191.978,203.341,207.991,192.121,191.978,8.019
20181229160021,173.614,177.350,178.050,179.573,181.507,185.514,191.618,203.157,207.991,191.993,191.618,7.991
20181229161021,172.198,176.816,177.876,179.739,181.192,185.373,191.498,203.341,207.991,191.826,191.498,8.026
20181229162021,172.813,175.906,177.237,179.573,181.350,185.232,191.255,203.157,207.991,191.657,191.255,8.038
20181229163021,171.991,175.348,176.273,178.735,181.192,185.090,191.134,203.157,207.991,191.526,191.134,8.120
20181229164021,171.782,174.970,175.906,177.876,181.034,185.232,191.012,203.064,207.991,191.414,191.012,8.213
20181229165021,170.279,174.202,175.535,177.526,180.554,185.232,191.012,203.064,207.991,191.343,191.012,8.299
20181229170021,170.932,174.202,175.159,177.350,180.392,185.090,191.134,203.433,207.991,191.345,191.134,8.400
20181229171021,170.716,173.811,174.780,176.995,180.230,185.090,190.889,203.617,207.991,191.296,190.889,8.480
20181229172021,171.360,173.811,174.780,176.635,180.230,185.232,190.767,203.708,207.991,191.232,190.767,8.503
20181229173021,171.572,174.007,174.780,176.635,179.739,185.232,190.643,203.249,207.991,191.115,190.643,8.428
20181229174021,172.198,174.202,174.970,176.635,179.407,185.373,190.767,203.157,207.991,191.131,190.767,8.430
20181229175021,172.404,174.396,175.159,176.635,179.407,185.373,191.012,203.249,207.991,191.228,191.012,8.505
20181229180021,172.609,174.780,175.348,176.816,179.407,185.090,191.377,203.249,207.991,191.278,191.377,8.502
20181229181021,173.216,175.159,175.721,177.173,179.407,184.947,191.618,202.971,207.991,191.345,191.618,8.443
20181229182021,173.216,175.348,176.090,177.509,179.407,185.090,191.858,202.505,207.991,191.416,191.858,8.330
20181229183021,174.007,175.721,176.273,177.702,179.573,185.232,192.216,202.505,207.991,191.620,192.216,8.303
20181229184021,174.202,175.906,176.635,177.876,179.903,185.232,192.570,202.785,207.991,191.850,192.570,8.354
20181229185021,173.614,176.273,176.995,178.394,180.067,185.090,192.688,203.157,207.991,192.045,192.688,8.434
20181229190021,173.811,176.635,177.350,178.904,180.392,185.232,192.453,203.525,207.991,192.212,192.453,8.484
20181229191021,174.970,176.995,177.702,179.241,180.714,185.090,192.097,203.982,207.991,192.260,192.097,8.458
20181229192020,175.348,177.526,178.050,179.573,181.192,185.232,191.858,204.254,207.991,192.295,191.858,8.366
20181229193020,174.780,177.876,178.565,180.067,181.507,185.514,191.858,204.163,207.991,192.276,191.858,8.156
20181229194020,176.455,178.222,179.073,180.392,181.975,185.934,191.858,203.800,207.991,192.295,191.858,7.865
20181229195020,174.007,178.904,179.573,181.034,182.436,186.349,192.097,203.433,207.991,192.464,192.097,7.598
20181229200020,174.780,179.241,180.067,181.507,183.043,186.895,192.334,203.341,207.991,192.695,192.334,7.353
20181229201020,174.780,179.739,180.714,182.129,183.639,187.434,192.805,203.249,207.991,192.994,192.805,7.110
20181229202020,175.348,180.067,181.034,182.741,184.226,187.833,193.386,203.249,207.991,193.399,193.386,6.940
20181229203020,176.816,180.392,181.507,183.193,184.947,188.490,193.958,203.433,207.991,193.878,193.958,6.793
20181229204020,178.394,181.034,182.129,183.787,185.514,189.135,194.524,203.525,207.991,194.405,194.524,6.621
20181229205020,178.904,181.820,182.741,184.516,186.211,189.897,195.081,203.800,207.991,194.961,195.081,6.438
20181229210020,177.702,182.436,183.342,185.232,186.895,190.643,195.632,204.073,207.991,195.543,195.632,6.300
20181229211020,178.222,182.741,183.639,185.514,187.568,191.498,196.283,204.434,207.991,196.109,196.283,6.211
20181229212020,177.526,183.193,183.934,185.655,187.833,192.216,196.925,204.793,207.991,196.605,196.925,6.211
20181229213020,177.702,183.043,184.226,185.794,188.097,192.688,197.557,205.060,207.991,197.002,197.557,6.235
20181229214020,176.273,182.892,184.372,186.073,188.097,192.922,198.077,205.414,207.991,197.404,198.077,6.303
20181229215020,175.721,183.043,184.516,186.349,188.229,193.154,198.693,205.502,207.991,197.695,198.693,6.313
20181229220020,176.090,182.892,184.516,186.486,188.490,193.270,199.301,205.766,207.991,197.998,199.301,6.383
20181229221020,176.090,182.283,184.080,186.623,188.749,193.154,199.900,205.941,207.991,198.244,199.900,6.514
20181229222020,176.636,182.283,183.639,186.486,188.878,193.038,200.098,206.115,207.991,198.387,200.098,6.650
20181229223020,177.702,182.436,183.342,186.486,189.135,192.922,199.999,206.288,207.991,198.446,199.999,6.750
20181229224020,177.876,182.892,183.639,185.934,189.135,192.805,199.602,206.548,207.991,198.408,199.602,6.790
20181229225020,180.714,183.193,184.080,185.934,188.878,192.922,198.998,206.634,207.991,198.249,198.998,6.757
20181229230020,179.573,183.342,184.516,186.211,188.620,193.038,198.386,206.548,207.991,198.026,198.386,6.653
20181229231020,180.554,183.934,184.661,186.349,188.490,193.270,197.973,206.461,207.991,197.842,197.973,6.511
20181229232020,181.192,184.080,185.090,186.623,188.620,193.270,197.973,206.115,207.991,197.735,197.973,6.329
20181229233020,182.283,184.516,185.514,186.895,188.749,193.270,198.386,205.941,207.991,197.857,198.386,6.240
20181229234020,182.283,184.947,185.794,187.300,188.878,193.270,198.591,206.115,207.991,198.011,198.591,6.196
20181229235020,179.241,184.947,185.934,187.568,189.135,193.386,198.693,206.028,207.991,198.096,198.693,6.132
20181230000020,178.222,184.947,185.934,187.701,189.391,193.501,198.897,206.028,207.991,198.209,198.897,6.084
20181230001020,178.565,185.232,186.211,187.833,189.391,193.501,199.200,206.115,207.991,198.351,199.200,6.104
20181230002020,180.554,185.655,186.623,187.966,189.391,193.386,199.401,206.115,207.991,198.432,199.401,6.126
20181230003020,178.050,186.211,186.895,187.966,189.645,193.616,199.502,206.375,207.991,198.614,199.502,6.157
20181230004020,178.050,185.794,186.895,188.229,189.645,193.730,199.401,206.548,207.991,198.688,199.401,6.187
20181230005020,178.394,184.804,186.211,188.229,189.645,193.730,199.200,206.634,207.991,198.709,199.200,6.268
20181230010020,177.702,184.661,185.514,187.701,189.645,193.616,199.200,206.720,207.991,198.638,199.200,6.363
20181230011020,180.230,184.080,185.090,187.166,189.263,193.730,199.200,206.634,207.991,198.587,199.200,6.445
20181230012020,181.192,184.080,185.090,187.031,189.007,193.845,199.200,206.634,207.991,198.582,199.200,6.476
20181230013020,181.192,183.934,185.090,187.166,189.263,193.958,199.301,206.634,207.991,198.660,199.301,6.430
20181230014020,181.350,183.934,185.090,187.300,189.518,194.072,199.401,206.720,207.991,198.788,199.401,6.385
20181230015020,181.192,184.438,185.373,187.434,189.771,194.185,199.701,206.720,207.991,198.898,199.701,6.338
20181230020020,182.129,184.804,185.794,187.434,189.771,194.298,199.801,206.720,207.991,198.975,199.801,6.291
20181230021020,182.436,185.514,186.211,187.701,189.645,194.185,199.801,206.805,207.991,199.003,199.801,6.276
20181230022020,181.507,185.655,186.623,187.966,189.897,193.958,199.801,206.720,207.991,198.943,199.801,6.187
20181230023020,183.193,186.292,187.031,188.359,190.147,194.185,199.801,206.805,207.991,199.003,199.801,6.071
20181230025021,184.661,187.300,187.966,189.391,191.134,194.524,199.602,206.634,207.991,199.180,199.602,5.716
20181230030021,179.407,187.031,187.833,189.263,191.134,194.747,199.401,206.548,207.991,199.169,199.401,5.711
20181230031021,184.947,187.166,187.701,189.135,191.012,194.859,199.502,206.548,207.991,199.189,199.502,5.670
20181230032021,184.804,187.434,187.833,189.263,191.134,195.192,199.801,206.634,207.991,199.366,199.801,5.640
20181230033021,184.947,187.833,188.229,189.391,191.498,195.412,199.999,206.720,207.991,199.493,199.999,5.519
20181230034021,186.623,187.833,188.359,189.771,191.739,195.850,200.296,206.720,207.991,199.746,200.296,5.402
20181230035021,186.349,188.229,188.749,190.147,192.097,196.498,200.688,206.720,207.991,200.044,200.688,5.268
20181230040021,186.623,188.878,189.518,190.767,192.688,196.925,201.076,206.720,207.991,200.384,201.076,5.118
20181230041021,182.589,189.263,189.897,191.255,192.805,197.031,201.365,206.805,207.991,200.580,201.365,5.083
20181230042021,183.639,189.391,190.022,191.377,193.154,197.031,201.557,206.891,207.991,200.731,201.557,5.089
20181230043021,183.934,189.263,190.147,191.498,193.154,197.031,201.939,206.891,207.991,200.870,201.939,5.087
20181230044020,185.934,189.391,190.396,191.858,193.501,197.136,202.128,206.891,207.991,201.062,202.128,5.005
20181230045020,184.516,190.022,190.889,192.453,194.072,197.557,202.411,207.062,207.991,201.366,202.411,4.902
20181230050020,182.436,190.643,191.270,192.805,194.411,197.766,202.317,207.147,207.991,201.442,202.317,4.791
20181230051020,186.486,190.147,191.255,192.805,194.636,197.973,202.033,207.147,207.991,201.450,202.033,4.735
20181230052020,186.486,190.293,191.377,193.038,194.747,198.077,202.128,207.147,207.991,201.473,202.128,4.646
20181230053020,186.895,190.147,191.618,193.270,194.859,198.283,202.223,207.062,207.991,201.518,202.223,4.570
20181230054020,184.372,189.135,190.413,193.386,195.302,198.693,202.033,207.062,207.991,201.590,202.033,4.512
20181230055020,182.741,188.878,190.022,192.805,195.850,199.200,202.223,207.147,207.991,201.732,202.223,4.477
20181230060020,182.436,189.135,190.433,192.688,195.904,199.602,202.317,206.977,207.991,201.814,202.317,4.437
20181230061020,182.741,188.359,190.828,193.270,195.632,199.900,202.598,206.977,207.991,201.934,202.598,4.398
20181230062020,183.193,187.701,190.150,193.386,195.741,200.098,203.249,206.891,207.991,202.184,203.249,4.446
20181230063020,184.661,187.434,189.771,193.259,195.850,200.296,203.800,207.147,207.991,202.495,203.800,4.587
20181230064020,183.491,188.097,189.771,192.570,195.412,199.900,204.073,207.232,207.991,202.554,204.073,4.772
20181230065020,183.787,188.490,190.147,192.688,195.081,199.401,203.891,207.402,207.991,202.401,203.891,4.869
20181230070020,184.516,187.910,190.147,192.570,195.192,199.301,203.341,207.402,207.991,202.164,203.341,4.850
20181230071020,185.232,187.391,189.518,191.978,195.081,198.897,203.249,207.232,207.991,201.968,203.249,4.883
20181230072020,186.895,188.198,189.645,191.858,194.747,198.591,203.064,207.147,207.991,201.779,203.064,4.879
20181230073020,184.080,188.723,189.645,191.858,193.958,198.283,202.505,207.062,207.991,201.455,202.505,4.956
20181230074020,181.034,188.359,189.391,191.255,193.386,197.557,202.033,207.147,207.991,201.096,202.033,5.210
20181230075020,183.934,187.701,189.007,190.520,192.453,196.818,201.461,206.977,207.991,200.583,201.461,5.384
20181230080020,186.486,188.749,189.391,191.012,192.570,196.498,201.365,206.891,207.991,200.474,201.365,5.271
20181230081020,185.934,189.771,190.272,191.618,193.154,196.712,201.076,206.805,207.991,200.497,201.076,5.010
20181230082020,184.804,190.396,191.012,192.216,193.845,197.136,200.979,206.720,207.991,200.642,200.979,4.772
20181230083020,186.486,190.643,191.498,192.805,194.185,197.661,201.269,206.805,207.991,200.921,201.269,4.573
20181230084020,184.080,190.147,191.739,193.154,194.747,198.180,201.557,206.805,207.991,201.121,201.557,4.436
20181230085020,179.573,189.537,190.889,193.154,194.970,198.283,201.748,206.634,207.991,201.215,201.748,4.460
20181230090020,182.436,187.117,190.396,192.922,194.859,198.386,202.033,206.805,207.991,201.348,202.033,4.645
20181230091020,183.787,187.434,188.620,192.097,194.535,198.206,202.223,206.805,207.991,201.288,202.223,4.844
20181230092020,182.436,187.568,188.490,190.643,193.845,197.870,202.128,206.891,207.991,201.100,202.128,5.109
20181230093020,184.372,186.895,187.833,189.771,192.334,197.557,201.748,206.960,207.991,200.716,201.748,5.393
20181230094020,183.043,187.031,187.966,189.518,191.377,196.818,201.365,206.805,207.991,200.306,201.365,5.572
20181230095020,184.516,187.300,188.229,189.897,191.377,196.067,201.076,206.720,207.991,200.028,201.076,5.588
20181230100020,184.661,187.701,188.307,190.022,191.377,195.632,200.785,206.720,207.991,199.859,200.785,5.575
20181230101020,181.350,187.168,188.490,190.272,191.739,195.302,200.882,206.548,207.991,199.806,200.882,5.579
20181230102020,182.589,187.339,188.490,190.643,192.097,195.302,200.492,206.720,207.991,199.837,200.492,5.549
20181230103020,184.372,187.300,188.490,190.767,192.453,195.412,200.098,206.634,207.991,199.789,200.098,5.444
20181230104020,186.349,188.097,188.878,191.012,192.688,195.632,199.801,206.720,207.991,199.779,199.801,5.280
20181230105020,187.166,189.007,189.518,191.377,193.154,196.067,199.900,206.720,207.991,199.835,199.900,5.027
20181230110020,186.486,189.391,190.022,191.858,193.501,196.283,200.098,206.461,207.991,199.953,200.098,4.780
20181230111020,184.947,189.897,190.767,192.453,194.072,196.818,200.590,206.461,207.991,200.319,200.590,4.601
20181230112020,185.794,190.643,191.377,192.922,194.747,197.347,201.076,206.548,207.991,200.727,201.076,4.467
20181230113020,186.759,190.643,191.739,193.386,195.192,197.870,201.269,206.720,207.991,201.007,201.269,4.358
20181230114020,184.804,190.889,191.739,193.501,195.412,198.180,201.461,206.805,207.991,201.239,201.461,4.321
20181230115020,186.486,191.134,192.097,193.616,195.522,198.283,201.748,206.891,207.991,201.383,201.748,4.299
20181230120020,187.166,190.767,192.334,193.958,195.522,198.489,201.939,206.891,207.991,201.546,201.939,4.278
20181230121020,185.514,191.255,192.097,193.958,195.632,198.489,202.128,206.977,207.991,201.643,202.128,4.286
20181230122020,185.514,190.520,192.216,193.845,195.522,198.489,202.128,207.062,207.991,201.617,202.128,4.358
20181230123020,183.043,189.648,191.739,193.845,195.522,198.386,202.128,206.891,207.991,201.545,202.128,4.416
20181230124020,184.804,187.086,190.889,193.616,195.522,198.386,202.128,206.891,207.991,201.511,202.128,4.537
20181230125020,185.514,187.434,189.135,193.845,195.632,198.489,202.033,206.891,207.991,201.479,202.033,4.527
20181230130020,185.514,188.091,189.135,193.154,195.632,198.591,201.939,206.977,207.991,201.462,201.939,4.567
20181230131020,186.211,188.490,189.576,192.570,195.445,198.795,202.033,206.977,207.991,201.497,202.033,4.574
20181230132020,186.486,188.749,189.771,192.216,195.412,198.998,202.223,206.891,207.991,201.561,202.223,4.527
20181230133020,186.759,188.490,189.391,192.097,195.610,199.200,202.505,206.805,207.991,201.722,202.505,4.534
20181230134020,186.073,188.490,189.263,191.498,195.302,199.401,202.785,206.977,207.991,201.852,202.785,4.692
20181230135020,186.895,188.359,189.263,191.134,194.185,199.502,202.878,207.147,207.991,201.874,202.878,4.845
20181230140020,187.300,189.007,189.518,191.134,193.730,199.401,202.785,207.147,207.991,201.752,202.785,4.893
20181230141020,185.934,189.518,190.022,191.498,193.845,199.200,202.785,207.062,207.991,201.650,202.785,4.839
20181230142020,182.741,189.569,190.272,191.978,193.845,198.795,202.598,207.062,207.991,201.557,202.598,4.861
20181230143020,185.232,188.620,190.147,192.097,194.298,198.693,202.692,206.977,207.991,201.616,202.692,4.801
20181230145021,189.518,191.012,191.618,192.805,195.192,199.099,202.878,207.147,207.991,201.971,202.878,4.470
20181230150021,190.520,191.978,192.688,194.072,195.741,199.099,202.785,207.062,207.991,202.054,202.785,4.223
20181230151021,191.498,193.270,193.958,195.081,196.390,199.301,202.598,207.062,207.991,202.165,202.598,3.931
20181230152021,192.570,194.182,194.747,195.958,197.031,199.801,202.878,207.147,207.991,202.471,202.878,3.704
20181230153021,190.022,194.185,194.970,196.175,197.452,199.999,202.971,207.147,207.991,202.608,202.971,3.594
20181230154021,187.701,190.981,193.154,195.522,197.242,200.074,203.157,207.147,207.991,202.517,203.157,3.862
20181230155021,186.623,188.620,189.771,193.270,196.283,199.701,203.157,207.062,207.991,202.218,203.157,4.397
20181230160021,186.759,187.661,188.412,191.316,194.859,198.897,202.878,207.062,207.991,201.756,202.878,4.921
20181230161021,187.701,188.490,188.878,189.991,193.501,197.973,202.223,207.062,207.991,201.214,202.223,5.193
20181230162021,187.166,188.749,189.645,190.396,192.216,197.242,201.748,207.062,207.991,200.803,201.748,5.309
20181230163021,188.359,189.135,189.645,190.889,192.570,196.175,201.269,206.805,207.991,200.442,201.269,5.251
20181230164021,189.263,190.396,190.786,191.739,193.038,196.067,201.557,206.720,207.991,200.471,201.557,5.056
20181230165021,189.771,191.498,191.858,192.688,193.845,196.175,201.076,206.548,207.991,200.465,201.076,4.739
20181230170021,188.879,191.858,192.453,193.270,194.298,196.712,200.492,206.634,207.991,200.509,200.492,4.540
20181230171021,188.097,191.134,191.827,193.038,194.411,197.031,200.296,206.548,207.991,200.433,200.296,4.487
20181230172021,186.349,189.518,190.767,192.922,194.445,197.136,200.492,206.548,207.991,200.414,200.492,4.519
20181230173021,186.895,189.518,190.520,192.805,194.524,197.242,200.785,206.461,207.991,200.468,200.785,4.463
20181230174021,187.966,190.147,191.012,193.154,194.859,197.557,200.979,206.461,207.991,200.656,200.979,4.369
20181230175021,187.166,190.792,191.618,192.922,194.859,197.661,201.173,206.375,207.991,200.788,201.173,4.327
20181230180021,186.349,189.645,191.255,192.805,194.411,197.973,201.365,206.548,207.991,200.935,201.365,4.460
20181230181021,186.759,189.897,191.012,192.828,194.524,197.661,201.844,206.634,207.991,201.030,201.844,4.548
20181230182021,187.300,190.272,191.255,193.270,194.636,197.661,201.748,206.720,207.991,201.075,201.748,4.547
20181230183021,187.166,190.889,191.739,193.270,195.081,197.661,201.173,206.720,207.991,200.995,201.173,4.445
20181230184021,187.434,190.022,190.889,193.501,195.412,197.870,201.173,206.573,207.991,200.965,201.173,4.304
20181230185021,180.230,188.903,190.147,192.805,195.412,198.489,201.365,206.548,207.991,201.078,201.365,4.392
20181230190021,182.589,189.135,190.599,192.216,194.747,199.099,201.939,206.720,207.991,201.362,201.939,4.513
20181230191021,184.516,189.263,191.377,192.840,194.636,199.401,202.598,206.805,207.991,201.688,202.598,4.488
20181230192020,186.349,190.924,192.805,194.072,195.412,198.998,202.878,206.891,207.991,201.947,202.878,4.286
20181230193020,188.490,191.377,193.705,195.081,196.498,199.200,203.157,206.977,207.991,202.260,203.157,4.013
20181230194020,190.022,192.570,194.072,196.283,197.557,199.900,202.971,207.147,207.991,202.613,202.971,3.700
20181230195020,192.334,193.958,194.747,197.347,198.693,200.688,203.249,207.062,207.991,202.945,203.249,3.277
20181230200020,192.453,194.524,195.522,198.386,199.900,201.844,203.891,207.062,207.991,203.592,203.891,2.922
20181230201020,193.154,194.752,195.741,198.693,200.785,202.785,204.703,207.317,207.991,204.213,204.703,2.806
20181230202020,193.616,195.025,195.741,198.432,200.882,203.249,205.149,207.486,207.991,204.516,205.149,2.852
20181230203020,193.270,195.192,195.958,197.870,200.785,203.525,205.678,207.655,207.991,204.798,205.678,2.943
20181230204020,192.805,195.192,195.850,197.661,200.296,203.525,205.590,207.655,207.991,204.772,205.590,3.037
20181230205020,193.501,195.302,195.850,197.452,200.098,203.800,205.546,207.655,207.991,204.766,205.546,3.021
20181230210020,194.411,195.501,196.067,197.562,199.701,204.163,205.853,207.571,207.991,204.916,205.853,3.062
